City_ID,City,Lat,Lng,Max Temp,Humidity,Cloudiness,Wind Speed,Country,Date
0,Kribi,2.95,9.9167,80.69,85,83,10.18,CM,2022-04-16 17:57:12
1,Walvis Bay,-22.9575,14.5053,59.95,82,13,6.91,NA,2022-04-16 17:57:13
2,Abalak,58.1286,68.5944,41.04,91,95,11.27,RU,2022-04-16 17:57:13
3,Bar-Le-Duc,48.75,5.1667,61.18,71,1,12.73,FR,2022-04-16 17:57:14
4,Kibaya,-5.3,36.5667,59.85,99,100,0.81,TZ,2022-04-16 17:57:14
5,Saint-Philippe,-21.3585,55.7679,76.59,80,51,14.25,RE,2022-04-16 17:48:00
6,Raudeberg,61.9875,5.1352,47.07,70,99,21.54,NO,2022-04-16 17:57:14
7,Hithadhoo,-0.6,73.0833,83.52,65,96,3.74,MV,2022-04-16 17:57:15
8,Ginir,7.1333,40.7,61.05,84,98,5.48,ET,2022-04-16 17:57:15
9,Puerto Madryn,-42.7692,-65.0385,62.71,44,2,12.5,AR,2022-04-16 17:57:16
10,Tazovskiy,67.4667,78.7,18.41,94,100,14.52,RU,2022-04-16 17:57:16
11,Port Elizabeth,-33.918,25.5701,62.31,80,0,5.99,ZA,2022-04-16 17:53:42
12,Saint-Georges,12.0564,-61.7485,85.68,66,20,23.02,GD,2022-04-16 17:55:13
13,Kpandu,6.9954,0.2931,80.08,72,99,4.12,GH,2022-04-16 17:57:17
14,Port Alfred,-33.5906,26.891,61.18,82,100,10.83,ZA,2022-04-16 17:57:17
15,Imbituba,-28.24,-48.6703,70.57,58,89,11.92,BR,2022-04-16 17:57:17
16,Ushuaia,-54.8,-68.3,44.26,61,75,13.8,AR,2022-04-16 17:57:18
17,Putina,-15.4667,-69.4333,49.26,31,10,4.43,PE,2022-04-16 17:57:18
18,Saldanha,-33.0117,17.9442,64.45,63,0,11.18,ZA,2022-04-16 17:49:19
19,Mutis,6.2262,-77.4044,81.75,83,100,9.64,CO,2022-04-16 17:57:19
20,Japura,-0.3167,102.35,75.2,97,95,1.61,ID,2022-04-16 17:57:19
21,Dikson,73.5069,80.5464,13.1,94,100,14.72,RU,2022-04-16 17:57:19
22,Victoria,22.2855,114.1577,72.18,76,98,15.99,HK,2022-04-16 17:47:52
23,Hermanus,-34.4187,19.2345,58.8,71,0,20.09,ZA,2022-04-16 17:57:20
24,Lebu,-37.6167,-73.65,60.58,69,2,13.73,CL,2022-04-16 17:57:20
25,Chicama,-7.8447,-79.1469,63.14,61,18,10.65,PE,2022-04-16 17:57:21
26,Hualmay,-11.0964,-77.6139,71.64,72,81,11.81,PE,2022-04-16 17:53:16
27,Norden,53.6,7.2,55.38,70,74,7.45,DE,2022-04-16 17:57:21
28,Matara,5.9485,80.5353,80.2,84,55,3.27,LK,2022-04-16 17:57:22
29,Lyuban,52.7985,28.0048,36.55,88,98,15.79,BY,2022-04-16 17:57:22
30,Beloha,-25.1667,45.05,75.69,78,25,4.54,MG,2022-04-16 17:57:23
31,Mar Del Plata,-38.0023,-57.5575,68.02,76,20,12.66,AR,2022-04-16 17:46:50
32,Svetlyy,54.675,20.1347,39.25,78,26,12.57,RU,2022-04-16 17:57:23
33,Paamiut,61.994,-49.6678,29.03,71,4,18.92,GL,2022-04-16 17:57:23
34,Jamestown,42.097,-79.2353,46.18,63,75,13.0,US,2022-04-16 17:54:49
35,Koson,39.0375,65.585,70.12,28,100,8.03,UZ,2022-04-16 17:57:24
36,Tashtyp,52.7939,89.8983,44.69,71,25,3.47,RU,2022-04-16 17:57:24
37,Brae,60.3964,-1.353,46.04,93,100,17.22,GB,2022-04-16 17:57:25
38,West Bay,19.3667,-81.4167,86.07,75,75,3.44,KY,2022-04-16 17:57:25
39,Honningsvag,70.9821,25.9704,40.75,81,100,33.38,NO,2022-04-16 17:57:26
40,Cidreira,-30.1811,-50.2056,69.01,57,100,5.93,BR,2022-04-16 17:50:35
41,Den Helder,52.9599,4.7593,57.18,40,70,14.0,NL,2022-04-16 17:57:26
42,Tismana,45.05,22.9667,51.87,68,23,3.6,RO,2022-04-16 17:57:26
43,Lalibela,12.0333,39.0333,65.68,47,89,5.7,ET,2022-04-16 17:57:27
44,Bredasdorp,-34.5322,20.0403,59.49,69,22,14.74,ZA,2022-04-16 17:57:27
45,Amapa,1.0,-52.0,84.04,69,88,4.41,BR,2022-04-16 17:53:08
46,Ribeira Grande,38.5167,-28.7,64.8,68,40,4.61,PT,2022-04-16 17:49:25
47,Iberia,29.9502,-91.7507,81.97,74,75,14.97,US,2022-04-16 17:58:28
48,Cape Town,-33.9258,18.4232,64.81,59,0,11.5,ZA,2022-04-16 17:58:28
49,Bubaque,11.2833,-15.8333,76.08,74,32,21.36,GW,2022-04-16 17:51:47
50,Praia Da Vitoria,38.7333,-27.0667,64.65,72,20,6.13,PT,2022-04-16 17:58:29
51,Carnarvon,-24.8667,113.6333,77.07,69,75,16.11,AU,2022-04-16 17:55:43
52,Arraial Do Cabo,-22.9661,-42.0278,75.16,69,40,21.85,BR,2022-04-16 17:55:56
53,Mormugao,15.4,73.8,79.86,74,40,4.61,IN,2022-04-16 17:54:28
54,Marsa Matruh,31.3525,27.2453,68.2,60,95,13.8,EG,2022-04-16 17:58:30
55,Coquimbo,-29.9533,-71.3436,62.33,63,0,14.97,CL,2022-04-16 17:46:43
56,East London,-33.0153,27.9116,59.94,94,20,2.3,ZA,2022-04-16 17:53:32
57,Port Blair,11.6667,92.75,80.64,83,20,2.3,IN,2022-04-16 17:58:31
58,Cockburn Town,21.4612,-71.1419,80.56,74,75,14.97,TC,2022-04-16 17:54:36
59,Bay Roberts,47.5999,-53.2648,57.51,56,51,10.0,CA,2022-04-16 17:58:31
60,Apam,5.2848,-0.7371,76.71,87,100,10.22,GH,2022-04-16 17:58:32
61,Georgetown,5.4112,100.3354,82.33,88,20,2.3,MY,2022-04-16 17:45:17
62,Nanortalik,60.1432,-45.2371,32.14,78,6,11.68,GL,2022-04-16 17:58:32
63,Miraflores,19.2167,-98.8083,79.45,30,14,4.59,MX,2022-04-16 17:53:20
64,Vondrozo,-22.8167,47.2833,68.09,97,81,2.55,MG,2022-04-16 17:58:33
65,Namibe,-15.1961,12.1522,73.44,75,68,10.67,AO,2022-04-16 17:51:56
66,Salinopolis,-0.6136,-47.3561,81.66,79,68,7.58,BR,2022-04-16 17:52:04
67,Hurghada,27.2574,33.8129,86.04,19,0,0.0,EG,2022-04-16 17:58:33
68,Moissala,8.3404,17.7663,93.42,27,67,1.88,TD,2022-04-16 17:58:34
69,Caceres,39.522,-6.3748,73.06,53,8,6.46,ES,2022-04-16 17:58:34
70,Upernavik,72.7868,-56.1549,-4.43,86,61,16.4,GL,2022-04-16 17:54:44
71,Jablunka,49.3835,17.9502,46.62,58,39,10.0,CZ,2022-04-16 17:58:35
72,Maarianhamina,60.0973,19.9348,39.06,70,0,8.05,AX,2022-04-16 17:58:35
73,Barranca,-10.75,-77.7667,69.42,74,93,10.85,PE,2022-04-16 17:58:36
74,Lagoa,39.05,-27.9833,59.97,69,73,8.43,PT,2022-04-16 17:58:36
75,Sur,22.5667,59.5289,88.07,44,5,6.02,OM,2022-04-16 17:58:36
76,Mahebourg,-20.4081,57.7,77.29,78,40,10.36,MU,2022-04-16 17:50:46
77,Pokhara,28.2333,83.9833,72.23,21,29,8.43,NP,2022-04-16 17:58:37
78,Chuy,-33.6971,-53.4616,67.51,53,100,6.26,UY,2022-04-16 17:54:45
79,Tiznit,29.5833,-9.5,82.24,16,38,4.94,MA,2022-04-16 17:58:38
80,Rio Cuarto,-33.1307,-64.3499,75.47,37,0,11.5,AR,2022-04-16 17:58:38
81,Cayenne,4.9333,-52.3333,84.24,1,100,11.5,GF,2022-04-16 17:58:38
82,Tasiilaq,65.6145,-37.6368,37.62,97,100,17.47,GL,2022-04-16 17:58:39
83,Nicoya,10.1483,-85.452,95.22,35,100,7.43,CR,2022-04-16 17:54:34
84,Comodoro Rivadavia,-45.8667,-67.5,62.46,39,0,13.8,AR,2022-04-16 17:50:31
85,Verkhnyaya Maksakovka,61.635,50.9674,32.02,64,40,4.47,RU,2022-04-16 17:58:39
86,Ilulissat,69.2167,-51.1,17.62,57,40,12.66,GL,2022-04-16 17:49:19
87,Saint Anthony,45.0205,-93.218,38.93,42,20,11.5,US,2022-04-16 17:55:54
88,Itarema,-2.9248,-39.9167,84.18,70,77,7.43,BR,2022-04-16 17:58:40
89,Nangwa,-4.4667,35.45,58.15,98,100,4.65,TZ,2022-04-16 17:58:40
90,Kaduqli,11.0167,29.7167,91.22,33,100,4.54,SD,2022-04-16 17:58:41
91,Sikonge,-5.6333,32.7667,66.18,91,98,1.03,TZ,2022-04-16 17:58:50
92,Bergama,39.1207,27.1805,62.29,56,79,1.14,TR,2022-04-16 17:59:41
93,Qaanaaq,77.484,-69.3632,-8.01,75,69,6.35,GL,2022-04-16 17:59:42
94,Mopipi,-21.1833,24.8833,69.76,76,85,19.95,BW,2022-04-16 17:59:42
95,Antofagasta,-23.65,-70.4,65.48,70,12,8.43,CL,2022-04-16 17:59:42
96,Hobyo,5.3505,48.5268,83.35,73,66,15.32,SO,2022-04-16 17:51:57
97,Sidi Ali,36.0998,0.4206,59.43,66,0,3.91,DZ,2022-04-16 17:59:43
98,Souillac,-20.5167,57.5167,77.38,78,40,10.36,MU,2022-04-16 17:59:43
99,Qaqortoq,60.7167,-46.0333,33.53,70,3,4.5,GL,2022-04-16 17:59:44
100,Kavaratti,10.5669,72.642,84.42,72,28,3.8,IN,2022-04-16 17:59:44
101,Bud,39.447,-86.1758,59.68,48,60,13.44,US,2022-04-16 17:55:51
102,Bandarbeyla,9.4942,50.8122,82.36,78,53,10.58,SO,2022-04-16 17:59:45
103,Lodwar,3.1191,35.5973,82.02,57,88,9.24,KE,2022-04-16 17:59:45
104,Busselton,-33.65,115.3333,58.48,77,82,11.23,AU,2022-04-16 17:59:46
105,Maceio,-9.6658,-35.7353,89.04,66,40,13.8,BR,2022-04-16 17:52:31
106,Moyale,3.5167,39.0584,73.44,59,99,2.24,KE,2022-04-16 17:50:34
107,Narsaq,60.9167,-46.05,36.34,64,1,2.64,GL,2022-04-16 17:50:44
108,Rio Grande,-32.035,-52.0986,78.91,54,98,6.71,BR,2022-04-16 17:50:43
109,Viedma,-40.8135,-62.9967,69.84,46,7,14.41,AR,2022-04-16 17:59:46
110,Punta Arenas,-53.15,-70.9167,48.31,61,40,5.75,CL,2022-04-16 17:59:40
111,Mapiri,-15.25,-68.1667,80.33,56,91,1.68,BO,2022-04-16 17:59:47
112,Abu Dhabi,24.4667,54.3667,87.82,54,0,4.61,AE,2022-04-16 17:57:51
113,Piacabucu,-10.4056,-36.4344,86.09,67,33,13.62,BR,2022-04-16 17:53:17
114,Asyut,27.181,31.1837,89.78,10,0,6.11,EG,2022-04-16 17:59:48
115,Margate,51.3813,1.3862,57.11,80,3,4.0,GB,2022-04-16 17:59:48
116,Hamilton,39.1834,-84.5333,59.65,73,97,5.01,US,2022-04-16 17:53:40
117,Knysna,-34.0363,23.0471,59.34,80,24,9.62,ZA,2022-04-16 17:59:49
118,Axim,4.8699,-2.2405,76.23,93,100,10.33,GH,2022-04-16 17:57:11
119,Mahanoro,-19.9,48.8,75.36,85,20,2.53,MG,2022-04-16 17:59:49
120,Caravelas,-17.7125,-39.2481,78.19,70,100,11.61,BR,2022-04-16 17:59:50
121,Olinda,-8.0089,-34.8553,87.53,70,40,10.36,BR,2022-04-16 17:50:05
122,Barraute,48.4335,-77.6328,32.27,66,100,7.38,CA,2022-04-16 17:59:50
123,Adrar,20.5022,-10.0711,94.23,8,0,8.43,MR,2022-04-16 17:59:51
124,Umm Lajj,25.0213,37.2685,78.71,59,0,6.46,SA,2022-04-16 17:59:51
125,Loukhi,66.0764,33.0381,31.84,85,99,6.62,RU,2022-04-16 17:59:51
126,Kirkenaer,60.4564,12.0582,45.23,86,35,0.94,NO,2022-04-16 17:59:52
127,Coihaique,-45.5752,-72.0662,59.61,58,0,5.75,CL,2022-04-16 17:59:52
128,Roanoke Rapids,36.4615,-77.6542,71.02,77,0,8.05,US,2022-04-16 17:59:53
129,Torbay,47.6666,-52.7314,56.75,58,0,27.63,CA,2022-04-16 17:59:53
130,Ankazoabo,-22.2833,44.5167,79.83,56,61,7.23,MG,2022-04-16 17:59:53
131,Camacha,33.0833,-16.3333,65.62,60,20,16.11,PT,2022-04-16 17:50:35
132,Punta Cardon,11.6581,-70.215,84.0,66,7,28.61,VE,2022-04-16 17:59:54
133,Vardo,70.3705,31.1107,39.13,84,100,23.55,NO,2022-04-16 17:59:54
134,Sergeyevka,53.88,67.4158,49.95,57,97,6.29,KZ,2022-04-16 17:59:55
135,Bako,5.7833,36.5667,64.18,86,98,2.82,ET,2022-04-16 17:59:55
136,Mangrol,21.1167,70.1167,80.62,72,0,9.73,IN,2022-04-16 18:00:56
137,Saint-Augustin,51.226,-58.6502,32.72,99,100,11.5,CA,2022-04-16 18:00:56
138,Pafos,34.7667,32.4167,65.98,48,0,2.3,CY,2022-04-16 18:00:57
139,Clyde River,70.4692,-68.5914,-5.15,90,100,3.36,CA,2022-04-16 18:00:58
140,Longyearbyen,78.2186,15.6401,26.44,74,75,12.66,SJ,2022-04-16 18:00:58
141,Laguna,38.421,-121.4238,63.05,75,100,11.5,US,2022-04-16 18:00:59
142,Korla,41.7597,86.1469,52.48,12,0,2.17,CN,2022-04-16 17:54:25
143,Santa Maria,-29.6842,-53.8069,69.66,56,1,6.85,BR,2022-04-16 18:00:59
144,Husavik,66.0449,-17.3389,46.18,80,100,13.13,IS,2022-04-16 17:50:50
145,Ostrovnoy,68.0531,39.5131,30.88,84,100,8.55,RU,2022-04-16 18:01:00
146,Bilma,18.6853,12.9164,94.98,7,61,8.72,NE,2022-04-16 18:01:00
147,Samana,19.2056,-69.3369,83.43,58,90,12.21,DO,2022-04-16 18:01:01
148,Saint-Joseph,-21.3667,55.6167,75.58,80,45,14.61,RE,2022-04-16 18:01:01
149,Kyzyl-Suu,42.3414,78.0056,49.39,43,0,7.85,KG,2022-04-16 18:01:02
150,Bojnurd,37.4747,57.329,46.35,93,75,6.91,IR,2022-04-16 17:57:41
151,Khislavichi,54.1871,32.1582,35.42,96,100,16.96,RU,2022-04-16 18:01:02
152,Luau,-10.7073,22.2247,67.33,93,75,2.01,AO,2022-04-16 18:01:03
153,Copiapo,-27.3667,-70.3333,77.34,28,0,8.1,CL,2022-04-16 18:00:32
154,Konstancin-Jeziorna,52.0938,21.1176,48.11,45,0,14.97,PL,2022-04-16 17:59:37
155,Wildberg,48.6234,8.7452,53.46,68,10,8.52,DE,2022-04-16 18:01:04
156,Tomaszow Mazowiecki,51.5313,20.0086,47.55,61,67,7.54,PL,2022-04-16 18:01:04
157,Umm Kaddadah,13.6017,26.6876,88.12,7,99,12.41,SD,2022-04-16 18:01:05
158,Usevya,-7.1,31.2333,68.07,95,98,2.82,TZ,2022-04-16 17:58:43
159,Pisco,-13.7,-76.2167,75.25,60,0,17.27,PE,2022-04-16 17:56:09
160,Santiago Del Estero,-27.7951,-64.2615,75.92,33,0,5.44,AR,2022-04-16 18:01:06
161,Breves,-1.6822,-50.4803,81.86,85,44,3.65,BR,2022-04-16 18:01:06
162,Uniao,-4.5858,-42.8642,84.94,80,91,1.41,BR,2022-04-16 18:01:07
163,Agirish,61.9247,63.0231,27.55,97,100,3.11,RU,2022-04-16 18:01:07
164,Praia,14.9215,-23.5087,79.34,53,20,19.57,CV,2022-04-16 17:53:19
165,Salta,-24.7859,-65.4117,71.58,52,1,1.99,AR,2022-04-16 18:00:37
166,Umea,63.8284,20.2597,39.13,75,0,3.44,SE,2022-04-16 18:01:08
167,Sao Geraldo Do Araguaia,-6.4006,-48.555,82.78,83,38,3.76,BR,2022-04-16 18:01:09
168,Villarrica,-25.75,-56.4333,75.72,44,0,3.62,PY,2022-04-16 18:01:09
169,Sassandra,4.95,-6.0833,79.92,82,98,8.72,CI,2022-04-16 18:01:10
170,Pangnirtung,66.1451,-65.7125,5.0,66,20,4.61,CA,2022-04-16 17:51:57
171,Mgandu,-5.95,34.1333,61.66,94,94,5.73,TZ,2022-04-16 18:01:10
172,Talnakh,69.4865,88.3972,16.68,94,100,5.61,RU,2022-04-16 18:01:11
173,Wasaga Beach,44.5168,-80.0164,41.47,80,63,1.01,CA,2022-04-16 18:00:03
174,Mochudi,-24.4167,26.15,61.88,93,96,12.44,BW,2022-04-16 18:01:11
175,San Francisco,37.7749,-122.4194,62.22,87,100,11.5,US,2022-04-16 17:59:52
176,Acari,-15.4311,-74.6158,77.85,56,99,10.27,PE,2022-04-16 18:01:12
177,Maniitsoq,65.4167,-52.9,24.82,56,20,5.84,GL,2022-04-16 18:01:12
178,Kharabali,47.4196,47.2568,59.54,51,61,8.25,RU,2022-04-16 18:01:13
179,Aiquile,-18.2041,-65.1807,64.02,61,93,9.98,BO,2022-04-16 18:01:13
180,Sierpc,52.8568,19.6691,39.88,59,56,13.53,PL,2022-04-16 18:01:13
181,Libourne,44.9167,-0.25,72.1,67,1,8.93,FR,2022-04-16 18:01:14
182,Anloga,5.7947,0.8973,83.8,75,99,12.84,GH,2022-04-16 18:02:14
183,Ferrol,43.4832,-8.2369,60.71,89,93,2.13,ES,2022-04-16 18:02:15
184,Saint George,37.1041,-113.5841,75.43,19,0,13.0,US,2022-04-16 18:02:15
185,Nawa,27.0167,75.0,84.38,10,0,6.4,IN,2022-04-16 18:02:16
186,Balsas,-7.5325,-46.0356,89.13,54,33,1.57,BR,2022-04-16 18:02:16
187,Puteyets,65.1716,57.091,11.89,95,74,4.56,RU,2022-04-16 18:02:16
188,Tahta,26.7693,31.5021,88.79,10,0,6.15,EG,2022-04-16 18:02:17
189,Uvinza,-5.1036,30.3911,66.49,96,58,1.48,TZ,2022-04-16 18:02:17
190,Nuuk,64.1835,-51.7216,29.01,54,20,8.05,GL,2022-04-16 18:02:17
191,Saint-Francois,46.4154,3.9054,65.64,39,0,11.5,FR,2022-04-16 18:02:18
192,Matay,28.419,30.7792,85.57,10,2,6.22,EG,2022-04-16 18:02:18
193,Khalkhal,37.6189,48.5258,34.32,82,75,2.59,IR,2022-04-16 18:02:19
194,Iqaluit,63.7506,-68.5145,5.7,77,100,5.1,CA,2022-04-16 18:02:19
195,Ancud,-41.8697,-73.8203,66.22,68,29,4.81,CL,2022-04-16 18:02:19
196,Santa Rosa,14.3122,121.1114,81.1,75,54,7.54,PH,2022-04-16 18:02:20
197,Vila Franca Do Campo,37.7167,-25.4333,66.61,79,100,7.94,PT,2022-04-16 17:57:29
198,Rampur Hat,24.1667,87.7833,84.76,68,27,10.0,IN,2022-04-16 18:02:20
199,Pangoa,-12.1167,-73.0,84.15,51,99,4.34,PE,2022-04-16 17:53:19
200,Kabinda,-6.1333,24.4833,71.44,84,96,2.89,CD,2022-04-16 18:02:21
201,Gat,31.61,34.7642,72.39,100,39,6.13,IL,2022-04-16 17:58:01
202,Elliot Lake,46.3834,-82.6331,32.23,58,92,11.5,CA,2022-04-16 18:02:21
203,Bad Freienwalde,52.7873,14.0304,48.42,47,50,4.0,DE,2022-04-16 18:02:22
204,Shu,43.5983,73.7614,62.92,34,49,5.97,KZ,2022-04-16 17:55:44
205,Banda Aceh,5.5577,95.3222,80.98,80,60,1.52,ID,2022-04-16 18:02:22
206,Adeje,28.1227,-16.726,77.86,63,0,6.91,ES,2022-04-16 18:02:23
207,Chapais,49.7834,-74.8492,31.78,74,99,11.68,CA,2022-04-16 18:02:23
208,Touros,-5.1989,-35.4608,85.77,65,83,9.31,BR,2022-04-16 18:02:23
209,Chabahar,25.2919,60.643,85.78,53,41,10.09,IR,2022-04-16 18:02:24
210,Sistranda,63.7256,8.834,46.36,84,57,7.23,NO,2022-04-16 18:02:24
211,Nizwa,22.9333,57.5333,88.72,16,68,5.35,OM,2022-04-16 18:02:25
212,Urubicha,-15.3833,-62.95,88.0,37,2,2.82,BO,2022-04-16 18:02:25
213,Hammerfest,70.6634,23.6821,39.65,93,75,21.85,NO,2022-04-16 18:02:26
214,Ponta Do Sol,32.6667,-17.1,75.7,51,100,7.43,PT,2022-04-16 18:02:26
215,Bushehr,28.9684,50.8385,78.89,53,75,4.61,IR,2022-04-16 17:57:40
216,Riyadh,24.6877,46.7219,84.34,26,73,12.28,SA,2022-04-16 17:57:32
217,Bambous Virieux,-20.3428,57.7575,79.05,78,75,11.5,MU,2022-04-16 18:02:27
218,Biltine,14.5333,20.9167,93.81,18,18,1.77,TD,2022-04-16 18:02:27
219,Sarny,51.338,26.6019,37.8,73,78,12.55,UA,2022-04-16 18:02:27
220,Mwene-Ditu,-7.0,23.45,68.86,92,75,1.97,CD,2022-04-16 18:02:28
221,Constitucion,-35.3333,-72.4167,62.92,60,0,8.77,CL,2022-04-16 18:01:43
222,Sao Filipe,14.8961,-24.4956,72.1,77,5,14.23,CV,2022-04-16 18:02:29
223,Sol-Iletsk,51.1631,54.9918,47.19,59,9,7.02,RU,2022-04-16 18:02:29
224,Abaza,52.655,90.0928,43.56,76,15,5.08,RU,2022-04-16 18:02:29
225,Boa Vista,2.8197,-60.6733,91.38,46,40,11.5,BR,2022-04-16 18:02:30
226,Johannesburg,-26.2023,28.0436,53.15,97,100,5.01,ZA,2022-04-16 18:02:30
227,Vossevangen,60.623,6.4229,39.29,96,100,2.37,NO,2022-04-16 18:02:31
228,Buchanan,5.8808,-10.0467,82.33,77,76,7.38,LR,2022-04-16 18:02:31
229,Trinidad,-14.8333,-64.9,83.8,46,2,4.5,BO,2022-04-16 18:02:31
230,Vienna,48.2085,16.3721,48.69,49,0,14.97,AT,2022-04-16 18:02:10
231,Santa Maria Do Suacui,-18.1903,-42.4142,73.45,73,97,5.61,BR,2022-04-16 18:03:32
232,Vagur,61.4732,-6.8119,47.75,87,100,22.82,FO,2022-04-16 18:03:32
233,San Ramon,37.7799,-121.978,61.48,91,100,11.5,US,2022-04-16 18:03:27
234,Igrim,63.1906,64.4162,25.21,97,100,2.84,RU,2022-04-16 18:03:33
235,Padang,-0.9492,100.3543,78.85,87,92,3.29,ID,2022-04-16 18:03:33
236,Sal Rei,16.1833,-22.9167,73.6,64,75,13.8,CV,2022-04-16 18:03:34
237,Miandrivazo,-19.5167,45.4667,81.55,72,9,3.91,MG,2022-04-16 18:03:34
238,Store Heddinge,55.3097,12.3889,49.68,65,39,5.91,DK,2022-04-16 18:03:34
239,Oschatz,51.3,13.1167,47.52,70,27,4.99,DE,2022-04-16 18:03:35
240,Xacmaz,41.4635,48.806,49.33,74,100,2.8,AZ,2022-04-16 18:03:35
241,Sao Joao Da Barra,-21.6403,-41.0511,80.69,61,37,16.4,BR,2022-04-16 18:03:36
242,Najran,17.4924,44.1277,82.26,28,83,11.23,SA,2022-04-16 18:03:36
243,Bonthe,7.5264,-12.505,82.31,62,39,13.96,SL,2022-04-16 18:03:36
244,Los Llanos De Aridane,28.6585,-17.9182,65.95,78,75,12.66,ES,2022-04-16 18:03:37
245,Sanandaj,35.3144,46.9923,57.22,14,0,9.22,IR,2022-04-16 17:55:44
246,Limon,10.0,-83.0333,82.29,78,100,6.91,CR,2022-04-16 18:03:37
247,Kajaani,64.2273,27.7285,37.45,44,0,4.61,FI,2022-04-16 18:03:38
248,Marquette,46.5333,-87.6335,26.78,75,100,13.06,US,2022-04-16 18:03:38
249,Lethem,3.3803,-59.7968,92.64,41,97,10.16,GY,2022-04-16 18:03:38
250,Luderitz,-26.6481,15.1594,64.38,65,0,12.66,NA,2022-04-16 18:03:39
251,Muros,42.7762,-9.0603,72.68,79,77,10.36,ES,2022-04-16 17:54:40
252,Chirongui,-12.9319,45.1483,84.13,73,9,1.72,YT,2022-04-16 18:03:39
253,Urumqi,43.801,87.6005,49.15,20,0,6.71,CN,2022-04-16 18:03:40
254,Codrington,-38.2667,141.9667,68.07,41,94,16.62,AU,2022-04-16 18:03:40
255,Alice Town,25.7167,-79.3,77.65,75,22,13.35,BS,2022-04-16 18:03:41
256,Kruisfontein,-34.0033,24.7314,59.88,70,92,8.48,ZA,2022-04-16 18:03:41
257,Klaksvik,62.2266,-6.589,47.32,91,94,18.1,FO,2022-04-16 18:03:42
258,Thompson,55.7435,-97.8558,22.3,59,100,4.34,CA,2022-04-16 18:03:42
259,Edd,13.9297,41.6925,83.07,72,28,7.67,ER,2022-04-16 18:03:42
260,Sao Felix Do Xingu,-6.6447,-51.995,87.64,60,68,2.73,BR,2022-04-16 18:03:43
261,Maloy,61.9353,5.1136,46.72,70,99,20.78,NO,2022-04-16 18:03:43
262,Rundu,-17.9333,19.7667,70.95,70,99,2.15,NA,2022-04-16 18:03:44
263,Navahrudak,53.6,25.8333,36.45,76,98,11.68,BY,2022-04-16 18:03:44
264,Bengkulu,-3.8004,102.2655,77.45,90,85,3.89,ID,2022-04-16 18:03:44
265,Chandauli,25.2667,83.2667,84.25,12,92,1.39,IN,2022-04-16 18:03:45
266,Henties Bay,-22.116,14.2845,61.09,80,12,7.07,NA,2022-04-16 18:02:57
267,Sechura,-5.5569,-80.8222,80.33,55,45,11.68,PE,2022-04-16 18:03:45
268,Saint Albans,51.75,-0.3333,63.64,57,14,11.5,GB,2022-04-16 18:02:00
269,Salacgriva,57.7536,24.3581,39.04,58,96,8.9,LV,2022-04-16 18:03:46
270,Vila Velha,-20.3297,-40.2925,82.35,62,20,17.27,BR,2022-04-16 17:59:50
271,Moose Factory,51.2585,-80.6094,30.18,80,100,13.8,CA,2022-04-16 18:03:46
272,Dingle,10.9995,122.6711,76.03,89,70,5.03,PH,2022-04-16 18:03:47
273,Szprotawa,51.5656,15.5366,47.62,58,21,3.33,PL,2022-04-16 18:03:47
274,Asosa,10.0667,34.5333,66.2,81,88,2.17,ET,2022-04-16 18:03:48
275,Panjab,34.388,67.0233,56.95,26,100,6.2,AF,2022-04-16 18:03:48
276,Aasiaat,68.7098,-52.8699,11.26,82,74,6.31,GL,2022-04-16 18:03:48
277,Zhanakorgan,43.9098,67.2495,73.99,25,100,6.98,KZ,2022-04-16 18:03:49
278,Barreirinhas,-2.7469,-42.8264,85.64,68,68,6.44,BR,2022-04-16 18:00:39
279,Skjervoy,70.0311,20.9714,46.4,86,100,35.1,NO,2022-04-16 18:04:49
280,Brockville,44.5834,-75.6826,46.54,39,65,8.66,CA,2022-04-16 18:04:50
281,Pitsunda,43.1592,40.3378,48.38,77,4,4.16,GE,2022-04-16 18:04:50
282,Westport,41.1415,-73.3579,71.28,46,0,12.66,US,2022-04-16 18:04:16
283,Namwala,-15.7504,26.4384,69.39,88,100,4.23,ZM,2022-04-16 18:04:51
284,Manono,-7.3,27.4167,71.22,93,100,0.36,CD,2022-04-16 18:04:51
285,Lamu,-2.2717,40.902,81.54,78,98,11.99,KE,2022-04-16 18:04:51
286,Puertollano,38.6871,-4.1073,76.08,55,15,8.05,ES,2022-04-16 17:55:56
287,Ugoofaaru,5.6667,73.0,84.7,74,16,8.12,MV,2022-04-16 18:04:52
288,Grootfontein,-19.5667,18.1167,72.12,43,70,3.89,NA,2022-04-16 18:04:52
289,Ambilobe,-13.2,49.05,75.99,83,34,4.59,MG,2022-04-16 18:04:53
290,Leshukonskoye,64.8989,45.7622,21.81,94,68,4.07,RU,2022-04-16 18:04:53
291,Simdega,22.6167,84.5167,83.28,16,10,4.14,IN,2022-04-16 18:04:53
292,Tibu,8.639,-72.7358,95.29,44,88,2.51,CO,2022-04-16 18:04:54
293,Kodinar,20.7903,70.7031,79.93,71,0,11.16,IN,2022-04-16 18:02:30
294,Noramarg,40.0238,44.424,57.52,30,54,17.27,AM,2022-04-16 18:04:54
295,Corrente,-3.7367,-43.3394,82.0,86,55,1.66,BR,2022-04-16 18:04:55
296,Indi,17.1667,75.9667,89.69,39,15,22.3,IN,2022-04-16 18:04:55
297,Takoradi,4.8845,-1.7554,76.8,91,100,11.61,GH,2022-04-16 17:55:48
298,Araouane,18.9048,-3.5265,87.19,8,5,9.28,ML,2022-04-16 18:04:56
299,Minsk,53.9,27.5667,35.35,76,98,15.5,BY,2022-04-16 17:59:58
300,Denizli,37.8402,29.0698,66.94,37,83,1.9,TR,2022-04-16 18:00:30
301,Khanewal,30.3,71.9333,85.89,11,36,6.58,PK,2022-04-16 18:04:56
302,Nisia Floresta,-6.0911,-35.2086,88.61,64,97,9.73,BR,2022-04-16 18:04:57
303,Bathsheba,13.2167,-59.5167,84.81,58,20,23.02,BB,2022-04-16 18:04:57
304,Jalu,29.0331,21.5482,91.08,10,35,19.06,LY,2022-04-16 18:04:57
305,Santo Antonio Do Ica,-3.1022,-67.9397,86.16,71,97,1.95,BR,2022-04-16 18:04:58
306,Kulhudhuffushi,6.6221,73.07,84.81,70,24,8.3,MV,2022-04-16 18:04:58
307,Mocuba,-16.8392,36.9856,71.8,98,63,3.47,MZ,2022-04-16 17:55:43
308,Bardiyah,31.7561,25.0865,78.21,31,95,25.52,LY,2022-04-16 18:04:59
309,Mariinskiy Posad,56.115,47.718,40.14,98,100,11.88,RU,2022-04-16 18:04:59
310,Gazanjyk,39.2446,55.5154,57.49,78,100,9.13,TM,2022-04-16 18:00:11
311,Gurupi,-11.7292,-49.0686,83.39,72,70,4.92,BR,2022-04-16 18:05:00
312,Vestmanna,62.1564,-7.1664,45.52,93,100,18.41,FO,2022-04-16 18:05:00
313,Pombal,-6.7703,-37.8017,90.52,46,47,5.66,BR,2022-04-16 18:03:52
314,Grand-Santi,4.25,-54.3833,82.22,74,88,3.83,GF,2022-04-16 18:05:01
315,Lahij,13.1667,44.5833,81.0,42,5,4.92,YE,2022-04-16 18:05:01
316,Maniwaki,46.3834,-75.966,41.7,31,92,9.31,CA,2022-04-16 18:05:02
317,Vanatori,45.7333,27.25,52.52,88,98,19.17,RO,2022-04-16 18:05:02
318,Portree,57.4129,-6.1942,52.52,77,100,13.6,GB,2022-04-16 18:05:03
319,Norrkoping,58.5942,16.1826,52.38,46,100,6.91,SE,2022-04-16 18:05:04
320,Beira,-19.8436,34.8389,82.49,78,40,14.97,MZ,2022-04-16 18:05:05
321,Verkhnyaya Inta,65.9811,60.3094,17.02,96,100,5.53,RU,2022-04-16 18:05:05
322,Brzeziny,51.8002,19.7514,47.17,51,56,1.01,PL,2022-04-16 18:05:06
323,Berlevag,70.8578,29.0864,39.0,96,100,31.16,NO,2022-04-16 18:05:06
324,Tonj,7.2737,28.6822,83.86,52,85,8.99,SS,2022-04-16 18:05:07
325,Tabas,33.5959,56.9244,73.06,33,45,19.62,IR,2022-04-16 18:05:07
326,Kanashevo,55.2169,62.0634,36.16,75,30,11.48,RU,2022-04-16 18:05:08
327,Sisimiut,66.9395,-53.6735,22.69,48,2,6.98,GL,2022-04-16 17:55:49
328,San Giovanni Rotondo,41.7049,15.7191,48.94,91,78,10.6,IT,2022-04-16 18:06:08
329,Palitana,21.5167,71.8333,89.37,29,0,5.73,IN,2022-04-16 18:06:08
330,Muhos,64.808,25.9931,37.18,93,68,3.83,FI,2022-04-16 18:06:09
331,Requena,39.4883,-1.1004,66.52,50,56,3.8,ES,2022-04-16 18:06:09
332,Nouakchott,18.0858,-15.9785,67.93,76,29,13.69,MR,2022-04-16 18:06:10
333,Andenes,69.3143,16.1194,42.78,87,100,17.27,NO,2022-04-16 18:06:10
334,Itaituba,-4.2761,-55.9836,89.01,58,100,1.39,BR,2022-04-16 18:06:11
335,Atar,20.5169,-13.0499,98.08,6,0,13.02,MR,2022-04-16 18:06:11
336,Khandbari,27.3747,87.2039,69.26,34,40,5.28,NP,2022-04-16 18:06:11
337,Kattivakkam,13.2167,80.3167,86.09,89,6,11.45,IN,2022-04-16 18:06:12
338,Jizan,17.3333,42.6667,82.47,64,0,8.68,SA,2022-04-16 18:06:12
339,Cap Malheureux,-19.9842,57.6142,77.47,81,12,5.01,MU,2022-04-16 18:06:13
340,Bella Vista,36.4295,-94.2316,55.67,59,100,14.97,US,2022-04-16 18:06:13
341,Wendo,6.6,38.4167,58.86,92,100,3.15,ET,2022-04-16 18:06:13
342,Marrakesh,31.6315,-8.0083,89.67,15,0,3.44,MA,2022-04-16 18:06:14
343,Tarancon,40.0085,-3.0073,73.22,42,2,10.42,ES,2022-04-16 18:06:14
344,Zarinsk,53.7074,84.9493,49.86,63,49,5.06,RU,2022-04-16 18:06:15
345,Catamarca,-28.4696,-65.7852,74.59,52,5,6.62,AR,2022-04-16 18:06:15
346,Goundam,16.4145,-3.6708,92.57,9,100,9.33,ML,2022-04-16 18:06:15
347,Yendi,9.4427,-0.0099,79.63,60,100,2.59,GH,2022-04-16 18:06:16
348,Taoudenni,22.6783,-3.9836,89.17,12,0,13.96,ML,2022-04-16 18:06:16
349,Masallatah,32.6167,14.0,59.77,80,2,21.45,LY,2022-04-16 18:06:17
350,Birjand,32.8663,59.2211,67.59,30,13,10.98,IR,2022-04-16 18:06:17
351,Delijan,33.9905,50.6838,62.87,13,5,14.85,IR,2022-04-16 18:06:17
352,Kutum,14.2,24.6667,82.08,7,39,9.19,SD,2022-04-16 18:06:18
353,Laureles,26.1092,-97.4941,86.14,74,100,16.11,US,2022-04-16 18:06:18
354,Halifax,44.6453,-63.5724,61.7,42,75,13.0,CA,2022-04-16 18:05:12
355,Lagoa Vermelha,-28.2086,-51.5258,66.06,57,0,4.43,BR,2022-04-16 18:02:46
356,Brunico,46.7958,11.9364,41.13,75,25,5.88,IT,2022-04-16 18:06:19
357,Krasnovishersk,60.4078,57.082,24.13,96,99,4.65,RU,2022-04-16 18:06:20
358,Noyabrsk,63.1994,75.4507,23.43,91,99,16.02,RU,2022-04-16 18:06:20
359,Kisangani,0.5167,25.2,72.48,89,100,2.86,CD,2022-04-16 18:06:20
360,Bomet,-0.7813,35.3416,58.6,97,100,2.55,KE,2022-04-16 18:06:21
361,Frederikshavn,57.4407,10.5366,44.1,75,10,9.71,DK,2022-04-16 18:06:21
362,Cutro,39.0353,16.9819,60.66,47,97,6.67,IT,2022-04-16 18:06:22
363,Kincardine,56.0667,-3.7167,59.99,71,100,8.88,GB,2022-04-16 18:06:22
364,Castro,-24.7911,-50.0119,67.17,47,3,2.86,BR,2022-04-16 18:06:22
365,Ponta Delgada,37.7333,-25.6667,66.92,68,20,11.5,PT,2022-04-16 18:02:38
366,Asfi,32.2994,-9.2372,72.21,51,84,20.27,MA,2022-04-16 18:06:23
367,Hambantota,6.1241,81.1185,81.16,80,26,6.29,LK,2022-04-16 18:06:23
368,Santa Isabel Do Rio Negro,-0.4139,-65.0192,87.94,56,95,3.0,BR,2022-04-16 18:06:24
369,Mehamn,71.0357,27.8492,39.0,96,100,33.58,NO,2022-04-16 18:06:24
370,Labe,11.3182,-12.2833,90.63,13,19,8.77,GN,2022-04-16 18:06:24
371,Kalmunai,7.4167,81.8167,79.57,87,56,11.63,LK,2022-04-16 18:06:25
372,Teya,60.3778,92.6267,42.87,93,100,10.87,RU,2022-04-16 18:06:25
373,Sao Miguel Do Iguacu,-25.3481,-54.2378,76.08,41,0,2.82,BR,2022-04-16 18:06:26
374,Jaora,23.6333,75.1333,87.94,16,0,11.79,IN,2022-04-16 18:07:26
375,Thinadhoo,0.5333,72.9333,83.55,70,38,7.2,MV,2022-04-16 18:07:27
376,Boysun,38.2061,67.1986,65.73,36,100,2.86,UZ,2022-04-16 18:07:27
377,Surt,31.2089,16.5887,63.0,85,3,17.49,LY,2022-04-16 18:07:27
378,Garowe,8.4054,48.4845,82.6,59,49,15.28,SO,2022-04-16 18:07:28
379,Karoi,-16.8099,29.6925,67.33,76,70,5.35,ZW,2022-04-16 18:07:28
380,Imbituva,-25.23,-50.6044,69.6,40,0,2.44,BR,2022-04-16 18:07:29
381,Dakoro,14.5106,6.765,95.11,13,65,12.06,NE,2022-04-16 18:07:29
382,Koutsouras,35.0339,25.9469,67.1,32,100,5.97,GR,2022-04-16 18:07:30
383,Mezen,65.8522,44.24,24.84,94,30,4.38,RU,2022-04-16 18:07:30
384,Sorland,67.667,12.6934,42.58,98,99,13.94,NO,2022-04-16 18:07:31
385,Kirya,-3.9167,37.4833,70.05,94,100,5.44,TZ,2022-04-16 18:07:31
386,Cartagena,10.3997,-75.5144,89.22,66,40,12.66,CO,2022-04-16 18:05:23
387,Wana,32.2989,69.5725,73.09,22,93,5.91,PK,2022-04-16 18:07:32
388,Neuquen,-38.9516,-68.0591,71.49,33,0,8.05,AR,2022-04-16 18:04:15
389,Hatillo,18.4863,-66.8254,88.84,75,57,1.01,PR,2022-04-16 18:07:32
390,Poltavka,54.3663,71.7632,55.0,50,100,7.94,RU,2022-04-16 18:07:32
391,Chitral,35.8462,71.7858,62.11,37,63,2.98,PK,2022-04-16 18:07:33
392,Surgut,61.25,73.4167,32.18,86,40,11.18,RU,2022-04-16 18:07:33
393,Porto Nacional,-10.7081,-48.4172,87.8,80,99,2.86,BR,2022-04-16 18:07:34
394,Tela,15.7833,-87.45,87.75,74,40,6.91,HN,2022-04-16 18:07:34
395,Huarmey,-10.0681,-78.1522,73.0,70,86,12.3,PE,2022-04-16 18:05:32
396,Brechin,56.7299,-2.6573,56.86,81,100,8.9,GB,2022-04-16 18:07:35
397,Santa Cruz,-17.8,-63.1667,76.46,53,75,11.5,BO,2022-04-16 18:05:19
398,Tabriz,38.08,46.2919,47.66,49,75,9.22,IR,2022-04-16 18:07:35
399,Ndele,8.4109,20.6473,86.92,37,84,3.87,CF,2022-04-16 18:03:34
400,Porto Novo,6.4965,2.6036,82.15,70,100,5.48,BJ,2022-04-16 18:07:36
401,Teguldet,57.3064,88.1667,46.2,86,98,9.04,RU,2022-04-16 18:07:36
402,Edirne,41.6772,26.556,63.81,62,100,1.77,TR,2022-04-16 18:07:37
403,Salinas,36.6777,-121.6555,59.76,82,100,13.8,US,2022-04-16 18:05:08
404,Rocha,-34.4833,-54.3333,68.72,54,81,6.33,UY,2022-04-16 18:06:26
405,Terre Haute,39.4667,-87.4139,54.25,41,0,14.97,US,2022-04-16 18:03:58
406,Ouidah,6.3631,2.0851,83.39,75,86,12.35,BJ,2022-04-16 18:07:08
407,Kasongo-Lunda,-6.4667,16.8167,73.18,91,55,0.22,CD,2022-04-16 18:07:38
408,Warrington,53.3925,-2.5802,67.32,61,20,8.05,GB,2022-04-16 18:03:21
409,Akureyri,65.6835,-18.0878,46.8,87,100,9.46,IS,2022-04-16 18:07:38
410,Vladyslavivka,45.1667,35.3667,47.68,78,86,10.85,UA,2022-04-16 18:07:39
411,Camana,-16.6228,-72.7111,70.9,71,95,11.1,PE,2022-04-16 18:07:39
412,Nacimiento,-37.5,-72.6667,78.71,23,0,5.28,CL,2022-04-16 18:07:39
413,Jos,9.9167,8.9,77.05,58,95,0.65,NG,2022-04-16 18:07:40
414,Tanem,63.3078,10.4319,49.89,66,72,1.88,NO,2022-04-16 18:07:40
415,Inyonga,-6.7167,32.0667,67.08,90,96,3.71,TZ,2022-04-16 18:07:41
416,Olafsvik,64.8945,-23.7142,43.83,97,100,10.92,IS,2022-04-16 18:07:41
417,Cuamba,-14.8031,36.5372,68.77,96,24,2.95,MZ,2022-04-16 18:07:41
418,Ondo,7.1,4.8333,82.69,66,98,4.5,NG,2022-04-16 18:07:42
419,Muisne,0.6,-80.0333,80.65,77,97,10.27,EC,2022-04-16 18:08:42
420,Tambura,5.6,27.4667,72.21,89,83,3.83,SS,2022-04-16 18:08:43
421,Kudahuvadhoo,2.6708,72.8944,84.16,75,58,7.96,MV,2022-04-16 18:08:09
422,Keskin,39.6731,33.6136,53.58,46,100,6.35,TR,2022-04-16 18:08:43
423,Saint-Pierre,-21.3393,55.4781,76.91,78,20,14.97,RE,2022-04-16 18:08:44
424,Porbandar,21.6422,69.6093,81.0,73,0,9.22,IN,2022-04-16 18:08:44
425,Iralaya,15.0,-83.2333,83.41,62,74,7.43,HN,2022-04-16 18:08:44
426,Tiebissou,7.1574,-5.2257,86.04,66,98,6.89,CI,2022-04-16 18:08:45
427,Fianarantsoa,-21.4333,47.0833,64.42,96,67,3.96,MG,2022-04-16 18:08:45
428,La Asuncion,11.0333,-63.8628,81.5,73,20,21.18,VE,2022-04-16 18:08:46
429,Sehithwa,-20.4667,22.7167,74.35,63,95,7.05,BW,2022-04-16 18:08:46
430,Cumberland,35.0502,-78.8664,75.87,72,100,11.5,US,2022-04-16 18:05:02
431,Pryluky,50.5932,32.3876,40.66,82,100,11.81,UA,2022-04-16 18:08:46
432,Dogondoutchi,13.6393,4.0287,96.24,19,95,11.61,NE,2022-04-16 18:08:47
433,Ionia,42.9873,-85.0711,39.4,56,100,14.97,US,2022-04-16 18:07:55
434,Sao Mateus Do Sul,-25.8742,-50.3828,70.79,42,8,1.12,BR,2022-04-16 18:08:47
435,El Alto,-4.2714,-81.2147,80.26,71,87,12.55,PE,2022-04-16 18:08:48
436,Coello,4.2891,-74.8982,88.32,58,90,4.85,CO,2022-04-16 18:08:48
437,Port Maria,18.3685,-76.8895,86.05,77,16,10.33,JM,2022-04-16 18:08:49
438,Warmbad,-28.45,18.7333,71.26,31,0,6.55,NA,2022-04-16 18:08:49
439,The Valley,18.217,-63.0578,84.06,65,40,20.71,AI,2022-04-16 18:08:49
440,Ascension,30.2169,-90.9001,86.0,70,40,13.8,US,2022-04-16 18:08:50
441,Penalva,-3.2942,-45.1736,83.5,83,85,3.06,BR,2022-04-16 18:08:50
442,Durban,-29.8579,31.0292,61.92,93,100,5.01,ZA,2022-04-16 18:04:32
443,Ritchie,-29.038,24.6028,59.88,86,80,8.03,ZA,2022-04-16 18:08:51
444,Pedasi,7.5333,-80.0333,85.21,65,99,11.79,PA,2022-04-16 18:08:51
445,Tabou,4.423,-7.3528,81.21,77,96,8.93,CI,2022-04-16 18:08:51
446,Kutahya,39.4242,29.9833,56.23,53,92,0.6,TR,2022-04-16 18:08:52
447,Mbandaka,0.0487,18.2603,77.36,75,71,2.19,CD,2022-04-16 18:08:52
448,Elizabeth City,36.2946,-76.2511,73.42,71,40,11.5,US,2022-04-16 18:08:53
449,Ipixuna,-1.7625,-48.8043,82.76,79,96,4.41,BR,2022-04-16 18:08:53
450,Santiago De Cao,-7.9589,-79.2392,66.33,77,75,13.8,PE,2022-04-16 18:08:53
451,Faya,18.3851,42.4509,66.72,41,10,1.95,SA,2022-04-16 18:08:54
452,Moreira Sales,-24.0622,-53.0069,71.74,52,0,1.74,BR,2022-04-16 18:08:54
453,Melo,-32.3667,-54.1833,73.74,38,5,9.48,UY,2022-04-16 18:08:00
454,Humaita,-7.5061,-63.0208,84.24,79,98,2.15,BR,2022-04-16 18:08:55
455,Palasa,18.7667,84.4167,79.38,76,74,8.1,IN,2022-04-16 18:08:55
456,Atbasar,51.8,68.3333,51.66,61,98,6.02,KZ,2022-04-16 18:08:56
457,Kismayo,-0.3582,42.5454,82.89,80,100,15.84,SO,2022-04-16 18:04:23
458,San Cristobal,7.7669,-72.225,80.78,48,94,8.19,VE,2022-04-16 18:07:45
459,Bilaspur,22.0833,82.15,84.54,14,2,3.91,IN,2022-04-16 18:08:56
460,Warah,27.4481,67.7978,95.86,11,76,2.37,PK,2022-04-16 18:08:57
461,Clacton-On-Sea,51.7897,1.156,56.14,77,6,1.99,GB,2022-04-16 18:08:57
462,Tias,28.9611,-13.645,69.48,78,0,16.11,ES,2022-04-16 18:08:58
463,Salaga,8.5508,-0.5188,80.06,63,100,2.51,GH,2022-04-16 18:08:58
464,Alta Floresta,-9.8756,-56.0861,81.84,82,91,2.51,BR,2022-04-16 18:08:58
465,Luanda,-8.8368,13.2343,80.6,83,75,13.8,AO,2022-04-16 18:04:18
466,Soyo,-6.1349,12.3689,79.59,86,75,7.65,AO,2022-04-16 18:09:59
467,Sept-Iles,50.2001,-66.3821,42.06,80,75,19.57,CA,2022-04-16 18:09:59
468,Sabha,27.0377,14.4283,78.03,17,0,16.53,LY,2022-04-16 18:10:00
469,Antalaha,-14.9003,50.2788,75.65,85,1,8.75,MG,2022-04-16 18:10:00
470,Grindavik,63.8424,-22.4338,48.67,100,75,18.41,IS,2022-04-16 18:10:01
471,Karasuk,53.7377,78.0403,59.95,27,70,14.12,RU,2022-04-16 18:10:01
472,Atasu,48.6814,71.6433,60.3,22,100,9.84,KZ,2022-04-16 18:10:02
473,Aswan,24.0934,32.907,91.2,8,0,10.83,EG,2022-04-16 18:05:46
474,Upata,8.0086,-62.3989,88.0,43,98,8.77,VE,2022-04-16 18:10:03
475,Teguise,29.0605,-13.564,68.22,78,0,16.11,ES,2022-04-16 18:10:04
476,Ginda,30.6945,78.4932,55.54,46,57,7.61,IN,2022-04-16 18:10:05
477,Florida,28.7505,-82.5001,87.01,69,0,6.91,US,2022-04-16 18:10:06
478,Tourlaville,49.6383,-1.5664,54.82,76,11,9.22,FR,2022-04-16 18:10:06
479,Calvinia,-31.4707,19.776,62.1,41,0,15.61,ZA,2022-04-16 18:10:07
480,Yar-Sale,66.8333,70.8333,14.83,90,100,17.11,RU,2022-04-16 18:10:07
481,Kogon,39.7228,64.5517,73.44,43,0,11.5,UZ,2022-04-16 18:10:08
482,Hofn,64.2539,-15.2082,45.86,99,100,12.93,IS,2022-04-16 18:10:08
483,Goderich,43.7501,-81.7165,36.91,60,3,11.92,CA,2022-04-16 18:08:29
484,Moussoro,13.6408,16.4901,95.2,24,42,9.62,TD,2022-04-16 18:10:09
485,Khash,28.2211,61.2158,74.28,24,27,7.25,IR,2022-04-16 18:10:09
486,Sinnamary,5.3833,-52.95,82.08,71,87,10.65,GF,2022-04-16 18:10:10
487,Bell Ville,-32.6259,-62.6887,74.66,27,26,7.2,AR,2022-04-16 18:10:10
488,Tharad,24.3961,71.6267,84.85,56,0,13.89,IN,2022-04-16 18:10:11
489,Stornoway,58.2093,-6.3865,52.93,77,100,21.85,GB,2022-04-16 18:10:11
490,Tulu Bolo,8.6667,38.2167,64.24,71,100,3.91,ET,2022-04-16 18:10:12
491,Zuwarah,32.9312,12.082,61.54,71,66,13.8,LY,2022-04-16 18:09:20
492,Beberibe,-4.1797,-38.1306,83.98,72,75,7.9,BR,2022-04-16 18:10:12
493,Bosaso,11.2842,49.1816,83.1,73,7,2.15,SO,2022-04-16 18:10:13
494,Visnes,59.3556,5.2242,46.81,71,75,9.22,NO,2022-04-16 18:10:13
495,Suoyarvi,62.0833,32.35,27.99,92,93,0.67,RU,2022-04-16 18:10:14
496,Pascagoula,30.3658,-88.5561,86.56,66,0,8.32,US,2022-04-16 18:10:14
497,Sompeta,18.9333,84.6,81.12,64,78,11.83,IN,2022-04-16 18:07:20
498,Kibala,9.1104,18.3463,95.11,24,27,4.14,TD,2022-04-16 18:10:15
499,Mangan,27.5167,88.5333,65.44,67,58,7.09,IN,2022-04-16 18:10:15
500,Dalbandin,28.8947,64.4101,84.96,16,92,5.61,PK,2022-04-16 18:10:15
501,Gambela,8.25,34.5833,74.21,84,100,1.34,ET,2022-04-16 18:10:16
502,Gayeri,12.6497,0.4931,91.31,32,99,16.11,BF,2022-04-16 18:10:16
503,Canakkale,40.0833,26.8333,55.98,75,91,1.45,TR,2022-04-16 18:10:16
504,Yarmouth,41.7057,-70.2286,63.07,71,75,20.71,US,2022-04-16 18:10:17
505,Weymouth,42.2209,-70.9398,71.47,41,100,25.32,US,2022-04-16 18:10:17
506,Iskateley,67.6803,53.1512,8.24,99,92,4.29,RU,2022-04-16 18:10:18
507,Abha,18.2164,42.5053,66.45,45,0,0.0,SA,2022-04-16 18:05:42
508,Maiduguri,11.8464,13.1603,97.66,24,66,4.68,NG,2022-04-16 18:10:18
509,Lakota,5.8528,-5.6883,77.32,82,100,4.9,CI,2022-04-16 18:10:19
510,Naryan-Mar,67.6713,53.087,8.58,99,90,4.25,RU,2022-04-16 18:10:19
511,Penzance,50.1186,-5.5371,58.32,77,20,11.5,GB,2022-04-16 18:10:20
512,Shemursha,54.8866,47.5189,38.35,77,100,14.94,RU,2022-04-16 18:10:20
513,Grand Gaube,-20.0064,57.6608,79.2,81,15,7.0,MU,2022-04-16 18:11:20
514,Varkkallai,8.7341,76.7067,85.78,79,63,4.41,IN,2022-04-16 18:08:05
515,Tshikapa,-6.4167,20.8,75.58,82,96,2.68,CD,2022-04-16 18:11:21
516,Trelew,-43.249,-65.3051,63.5,37,3,11.65,AR,2022-04-16 18:08:31
517,Dimitrovgrad,54.2139,49.6184,41.68,70,98,7.94,RU,2022-04-16 18:11:22
518,Quatre Cocos,-20.2078,57.7625,78.91,81,53,15.5,MU,2022-04-16 18:11:22
519,Rognan,67.0953,15.3878,43.88,87,100,3.11,NO,2022-04-16 18:11:23
520,Bindura,-17.3019,31.3306,70.77,62,93,5.57,ZW,2022-04-16 18:11:23
521,Mirabad,30.4362,61.8383,82.26,23,92,16.11,AF,2022-04-16 18:11:24
522,La Palma,33.8464,-118.0467,67.77,67,75,6.91,US,2022-04-16 18:11:24
523,Akdepe,42.0551,59.3788,59.31,49,80,12.88,TM,2022-04-16 18:11:25
524,Trairi,-3.2778,-39.2689,83.07,74,87,7.2,BR,2022-04-16 18:11:25
525,Oussouye,12.485,-16.5469,86.18,47,15,15.95,SN,2022-04-16 18:11:26
526,Carutapera,-1.195,-46.02,83.05,75,96,6.13,BR,2022-04-16 18:11:26
527,Montgomery,39.1501,-77.1997,78.55,31,0,12.66,US,2022-04-16 18:11:27
528,Cerrito,6.8432,-72.694,63.66,75,79,0.76,CO,2022-04-16 18:11:27
529,Kachiry,53.0675,76.1036,60.12,37,83,5.68,KZ,2022-04-16 18:11:28
530,Nizhnyaya Omka,55.4338,74.9426,57.38,45,100,9.31,RU,2022-04-16 18:11:28
531,Takestan,36.0696,49.6959,41.63,72,64,14.25,IR,2022-04-16 18:11:28
532,Kilindoni,-7.9139,39.6668,81.77,81,95,14.67,TZ,2022-04-16 18:11:29
533,Lokosovo,61.1333,74.8167,32.59,87,100,11.27,RU,2022-04-16 18:11:29
534,Natal,-5.795,-35.2094,88.45,66,40,16.11,BR,2022-04-16 18:11:30
535,Sambava,-14.2667,50.1667,77.36,85,3,12.64,MG,2022-04-16 18:11:30
536,Murgab,37.4966,61.9714,67.37,39,65,8.95,TM,2022-04-16 18:11:31
537,Yarada,17.65,83.2667,84.52,79,75,5.75,IN,2022-04-16 18:11:31
538,Harda,22.3333,77.1,89.85,16,0,7.29,IN,2022-04-16 18:11:32
539,Plettenberg Bay,-34.0527,23.3716,59.65,75,21,10.45,ZA,2022-04-16 18:11:32
540,Storforshei,66.4043,14.5233,39.65,100,100,0.0,NO,2022-04-16 18:11:33
541,George Town,5.4112,100.3354,82.33,83,20,0.0,MY,2022-04-16 18:08:07
542,La Carolina,38.2756,-3.6153,71.83,41,16,4.38,ES,2022-04-16 18:11:33
543,Paita,-5.0892,-81.1144,74.91,69,53,14.32,PE,2022-04-16 18:11:33
544,Cameta,-2.2444,-49.4958,83.91,75,56,4.76,BR,2022-04-16 18:11:34
545,Coxim,-18.5067,-54.76,85.39,43,1,6.11,BR,2022-04-16 18:11:34
546,Santiago,-33.4569,-70.6483,79.29,38,0,10.36,CL,2022-04-16 18:10:22
547,Melfi,40.9965,15.6514,49.64,84,100,7.54,IT,2022-04-16 18:11:35
548,Amantea,39.1332,16.0746,63.16,62,98,6.04,IT,2022-04-16 18:11:35
549,Blagoyevo,63.3667,47.9167,20.64,95,53,3.4,RU,2022-04-16 18:11:36
550,Lydenburg,-25.0978,30.4597,54.5,94,100,6.4,ZA,2022-04-16 18:11:36
551,Arnsberg,51.3297,8.0071,53.1,60,27,5.53,DE,2022-04-16 18:11:36
552,Ambanja,-13.6833,48.45,76.96,90,24,2.71,MG,2022-04-16 18:11:37
553,Belyy Yar,53.6039,91.3903,40.89,45,24,4.47,RU,2022-04-16 18:11:37
554,Bani Walid,31.7566,13.9942,66.54,50,43,20.78,LY,2022-04-16 18:11:38
555,Kamenka,51.3223,42.7678,51.21,76,100,11.45,RU,2022-04-16 18:11:38
556,Fonte Boa,-2.4959,-66.2662,79.05,91,97,4.72,BR,2022-04-16 18:12:39
557,Milas,37.3164,27.7839,67.35,26,75,5.75,TR,2022-04-16 18:11:53
558,Ribeira Brava,32.65,-17.0667,74.71,54,100,8.86,PT,2022-04-16 18:12:39
559,Harper,4.375,-7.7169,80.96,79,71,8.12,LR,2022-04-16 18:12:40
560,Salalah,17.0151,54.0924,82.49,83,40,5.75,OM,2022-04-16 18:12:40
561,Verkhniy Lomov,53.4678,43.5511,50.85,77,100,16.58,RU,2022-04-16 18:12:40
562,Trebinje,42.7119,18.3442,64.74,42,0,27.63,BA,2022-04-16 18:09:30
563,Hvide Sande,56.0045,8.1294,47.08,68,65,4.21,DK,2022-04-16 18:12:41
564,Geraldton,-28.7667,114.6,66.61,77,86,9.22,AU,2022-04-16 18:12:42
565,Rurrenabaque,-14.4413,-67.5278,88.05,40,5,3.15,BO,2022-04-16 18:12:42
566,Marawi,7.9986,124.2928,68.5,94,54,0.87,PH,2022-04-16 18:08:12
567,Malanje,-9.5402,16.341,66.6,93,43,2.51,AO,2022-04-16 18:12:42
568,Mayumba,-3.432,10.6554,78.91,88,34,5.23,GA,2022-04-16 18:12:43
569,Beyneu,45.3167,55.2,61.83,35,10,5.97,KZ,2022-04-16 18:12:43
570,Grand Baie,-20.0182,57.5802,79.27,81,12,7.0,MU,2022-04-16 18:12:44
571,Normandin,48.8333,-72.5321,37.53,52,43,14.97,CA,2022-04-16 18:12:44
572,Pomabamba,-8.8333,-77.4667,64.56,43,93,6.08,PE,2022-04-16 18:12:45
573,Valparaiso,-33.0393,-71.6273,64.04,70,0,11.5,CL,2022-04-16 18:12:45
574,Puerto Ayacucho,5.6639,-67.6236,81.23,74,100,6.49,VE,2022-04-16 18:12:46
575,Ugra,54.7777,34.3267,35.1,90,100,11.68,RU,2022-04-16 18:12:46
